year,title,published_at,updated_at,category,nominee,artist,workers,img,winner
2019,62nd Annual GRAMMY Awards  (2019),2020-05-19T05:10:28-07:00,2020-05-19T05:10:28-07:00,Record Of The Year,Bad Guy,Billie Eilish,"Finneas O'Connell, producer; Rob Kinelski & Finneas O'Connell, engineers/mixers; John Greenham, mastering engineer",https://www.grammy.com/sites/com/files/styles/artist_circle/public/muzooka/Billie%2BEilish/Billie%2520Eilish_1_1_1594138954.jpg?itok=3-71Dfxh,True
2019,62nd Annual GRAMMY Awards  (2019),2020-05-19T05:10:28-07:00,2020-05-19T05:10:28-07:00,Record Of The Year,"Hey, Ma",Bon Iver,"BJ Burton, Brad Cook, Chris Messina & Justin Vernon, producers; BJ Burton, Zach Hanson & Chris Messina, engineers/mixers; Greg Calbi, mastering engineer",https://www.grammy.com/sites/com/files/styles/artist_circle/public/muzooka/Bon%2BIver/Bon%2520Iver_1_1_1578385181.jpg?itok=_M1hc5Ux,True
2019,62nd Annual GRAMMY Awards  (2019),2020-05-19T05:10:28-07:00,2020-05-19T05:10:28-07:00,Record Of The Year,7 rings,Ariana Grande,"Charles Anderson, Tommy Brown, Michael Foster & Victoria Monet, producers; Serban Ghenea, John Hanes, Billy Hickey & Brendan Morawski, engineers/mixers; Randy Merrill, mastering engineer",https://www.grammy.com/sites/com/files/styles/artist_circle/public/muzooka/Ariana%2BGrande/Ariana%2520Grande_1_1_1578384678.jpg?itok=Amj90j13,True
2019,62nd Annual GRAMMY Awards  (2019),2020-05-19T05:10:28-07:00,2020-05-19T05:10:28-07:00,Record Of The Year,Hard Place,H.E.R.,"Rodney “Darkchild” Jerkins, producer; Joseph Hurtado, Jaycen Joshua, Derek Keota & Miki Tsutsumi, engineers/mixers; Colin Leonard, mastering engineer",https://www.grammy.com/sites/com/files/styles/artist_circle/public/muzooka/H.E.R./H.E.R._1_1_1594631035.jpg?itok=ClJe-2MN,True
2019,62nd Annual GRAMMY Awards  (2019),2020-05-19T05:10:28-07:00,2020-05-19T05:10:28-07:00,Record Of The Year,Talk,Khalid,"Disclosure & Denis Kosiak, producers; Ingmar Carlson, Jon Castelli, Josh Deguzman, John Kercy, Denis Kosiak, Guy Lawrence & Michael Romero, engineers/mixers; Dale Becker, mastering engineer",https://www.grammy.com/sites/com/files/styles/artist_circle/public/muzooka/Khalid/Khalid_1_1_1594578772.jpg?itok=2HxjAT-X,True
2019,62nd Annual GRAMMY Awards  (2019),2020-05-19T05:10:28-07:00,2020-05-19T05:10:28-07:00,Record Of The Year,Old Town Road,Lil Nas X Featuring Billy Ray Cyrus,"Andrew ""VoxGod"" Bolooki, Jocelyn “Jozzy” Donald & YoungKio, producers; Andrew ""VoxGod"" Bolooki, Cinco & Joe Grasso, engineers/mixers; Eric Lagg, mastering engineer",https://www.grammy.com/sites/com/files/styles/artist_circle/public/muzooka/Montero%2BLamar%2BHill/Lil%2520Nas%2520X_1_1_1581656760.jpg?itok=_YR6dOjI,True
2019,62nd Annual GRAMMY Awards  (2019),2020-05-19T05:10:28-07:00,2020-05-19T05:10:28-07:00,Record Of The Year,Truth Hurts,Lizzo,"Ricky Reed & Tele, producers; Chris Galland, Manny Marroquin & Ethan Shumaker, engineers/mixers; Chris Gehringer, mastering engineer",https://www.grammy.com/sites/com/files/styles/artist_circle/public/muzooka/Lizzo/Lizzo_1_1_1583931631.jpg?itok=Gm2FQx4s,True
2019,62nd Annual GRAMMY Awards  (2019),2020-05-19T05:10:28-07:00,2020-05-19T05:10:28-07:00,Record Of The Year,Sunflower,Post Malone & Swae Lee,"Louis Bell & Carter Lang, producers; Louis Bell & Manny Marroquin, engineers/mixers; Mike Bozzi, mastering engineer",https://www.grammy.com/sites/com/files/styles/artist_circle/public/muzooka/Post%2BMalone/Post%2520Malone_1_1_1594910341.jpg?itok=HCyRm13g,True
2019,62nd Annual GRAMMY Awards  (2019),2020-05-19T05:10:28-07:00,2020-05-19T05:10:28-07:00,Album Of The Year,"When We All Fall Asleep, Where Do We Go?",Billie Eilish,"Finneas O'Connell, producer; Rob Kinelski & Finneas O'Connell, engineers/mixers; Billie Eilish O'Connell & Finneas O'Connell, songwriters; John Greenham, mastering engineer",https://www.grammy.com/sites/com/files/styles/artist_circle/public/muzooka/Billie%2BEilish/Billie%2520Eilish_1_1_1594138954.jpg?itok=3-71Dfxh,True
2019,62nd Annual GRAMMY Awards  (2019),2020-05-19T05:10:28-07:00,2020-05-19T05:10:28-07:00,Album Of The Year,"I,I",Bon Iver,"Brad Cook, Chris Messina & Justin Vernon, producers; Zach Hanson & Chris Messina, engineers/mixers; BJ Burton, Brad Cook & Justin Vernon, songwriters; Greg Calbi, mastering engineer",https://www.grammy.com/sites/com/files/styles/artist_circle/public/muzooka/Bon%2BIver/Bon%2520Iver_1_1_1578385181.jpg?itok=_M1hc5Ux,True
2019,62nd Annual GRAMMY Awards  (2019),2020-05-19T05:10:28-07:00,2020-05-19T05:10:28-07:00,Album Of The Year,Norman F***ing Rockwell!,Lana Del Rey,"Jack Antonoff & Lana Del Rey, producers; Jack Antonoff & Laura Sisk, engineers/mixers; Jack Antonoff & Lana Del Rey, songwriters; Chris Gehringer, mastering engineer",https://www.grammy.com/sites/com/files/styles/artist_circle/public/muzooka/Lana%2BDel%2BRey/Lana%2520Del%2520Rey_1_1_1581552089.jpg?itok=a-RXRsSr,True
2019,62nd Annual GRAMMY Awards  (2019),2020-05-19T05:10:28-07:00,2020-05-19T05:10:28-07:00,Album Of The Year,"thank u, next",Ariana Grande,"Tommy Brown, Ilya, Max Martin & Victoria Monet, producers; Serban Ghenea, Sam Holland & Brendan Morawski, engineers/mixers; Tommy Brown, Ariana Grande, Savan Kotecha, Max Martin, Victoria Monet, Tayla Parx & Ilya Salmanzadeh, songwriters; Randy Merrill, mastering engineer",https://www.grammy.com/sites/com/files/styles/artist_circle/public/muzooka/Ariana%2BGrande/Ariana%2520Grande_1_1_1578384678.jpg?itok=Amj90j13,True
2019,62nd Annual GRAMMY Awards  (2019),2020-05-19T05:10:28-07:00,2020-05-19T05:10:28-07:00,Album Of The Year,I Used To Know Her,H.E.R.,"David ""Swagg R'Celious"" Harris, H.E.R., Walter Jones & Jeff Robinson, producers; Miki Tsutsumi, engineer/mixer; Sam Ashworth, Jeff “Gitty” Gitelman, David ""Swagg R'Celious"" Harris & H.E.R., songwriters; Dave Kutch, mastering engineer",https://www.grammy.com/sites/com/files/styles/artist_circle/public/muzooka/H.E.R./H.E.R._1_1_1594631035.jpg?itok=ClJe-2MN,True
2019,62nd Annual GRAMMY Awards  (2019),2020-05-19T05:10:28-07:00,2020-05-19T05:10:28-07:00,Album Of The Year,7,Lil Nas X,"Joe Grasso, engineer/mixer; Montero Lamar Hill, songwriter; Eric Lagg, mastering engineer",https://www.grammy.com/sites/com/files/styles/artist_circle/public/muzooka/Montero%2BLamar%2BHill/Lil%2520Nas%2520X_1_1_1581656760.jpg?itok=_YR6dOjI,True
2019,62nd Annual GRAMMY Awards  (2019),2020-05-19T05:10:28-07:00,2020-05-19T05:10:28-07:00,Album Of The Year,Cuz I Love You (Deluxe),Lizzo,"Ricky Reed, producer; Manny Marroquin & Ethan Shumaker, engineers/mixers; Eric Frederic & Melissa Jefferson, songwriters; Chris Gehringer, mastering engineer",https://www.grammy.com/sites/com/files/styles/artist_circle/public/muzooka/Ricky%2BReed/Ricky%2520Reed_1_1_1581552716.jpg?itok=Qw0BFFJ4,True
2019,62nd Annual GRAMMY Awards  (2019),2020-05-19T05:10:28-07:00,2020-05-19T05:10:28-07:00,Album Of The Year,Father Of The Bride,Vampire Weekend,"Ezra Koenig & Ariel Rechtshaid, producers; John DeBold, Chris Kasych, Takemasa Kosaka, Ariel Rechtshaid & Hiroya Takayama, engineers/mixers; Ezra Koenig, songwriter; Emily Lazar, mastering engineer",https://www.grammy.com/sites/com/files/styles/artist_circle/public/muzooka/Vampire%2BWeekend/Vampire%2520Weekend_1_1_1578387474.jpg?itok=mAj-5E-g,True
2019,62nd Annual GRAMMY Awards  (2019),2020-05-19T05:10:28-07:00,2020-05-19T05:10:28-07:00,Song Of The Year,Bad Guy,,"Billie Eilish O'Connell & Finneas O'Connell, songwriters (Billie Eilish)",https://www.grammy.com/sites/com/files/styles/artist_circle/public/muzooka/Billie%2BEilish/Billie%2520Eilish_1_1_1594138954.jpg?itok=3-71Dfxh,True
2019,62nd Annual GRAMMY Awards  (2019),2020-05-19T05:10:28-07:00,2020-05-19T05:10:28-07:00,Song Of The Year,Always Remember Us This Way,,"Natalie Hemby, Lady Gaga, Hillary Lindsey & Lori McKenna, songwriters (Lady Gaga)",https://www.grammy.com/sites/com/files/styles/artist_circle/public/muzooka/Natalie%2BHemby/Natalie%2520Hemby_1_1_1591113039.jpg?itok=AKF_O3V1,True
2019,62nd Annual GRAMMY Awards  (2019),2020-05-19T05:10:28-07:00,2020-05-19T05:10:28-07:00,Song Of The Year,Bring My Flowers Now,,"Brandi Carlile, Phil Hanseroth, Tim Hanseroth & Tanya Tucker, songwriters (Tanya Tucker)",https://www.grammy.com/sites/com/files/styles/artist_circle/public/muzooka/Brandi%2BCarlile/Brandi%2520Carlile_1_1_1597247043.jpg?itok=5265JEVE,True
2019,62nd Annual GRAMMY Awards  (2019),2020-05-19T05:10:28-07:00,2020-05-19T05:10:28-07:00,Song Of The Year,Hard Place,,"Ruby Amanfu, Sam Ashworth, D. Arcelious Harris, H.E.R. & Rodney Jerkins, songwriters (H.E.R.)",https://www.grammy.com/sites/com/files/styles/artist_circle/public/muzooka/Ruby%2BAmanfu/Ruby%2520Amanfu_1_1_1575355707.jpg?itok=b5G4Hn8y,True
2019,62nd Annual GRAMMY Awards  (2019),2020-05-19T05:10:28-07:00,2020-05-19T05:10:28-07:00,Song Of The Year,Lover,,"Taylor Swift, songwriter (Taylor Swift)",https://www.grammy.com/sites/com/files/styles/artist_circle/public/muzooka/Taylor%2BSwift/Taylor%2520Swift_1_1_1588259933.jpg?itok=faoR37HC,True
2019,62nd Annual GRAMMY Awards  (2019),2020-05-19T05:10:28-07:00,2020-05-19T05:10:28-07:00,Song Of The Year,Norman F***ing Rockwell,,"Jack Antonoff & Lana Del Rey, songwriters (Lana Del Rey)",https://www.grammy.com/sites/com/files/styles/artist_circle/public/jack.png?itok=qPWzu57c,True
2019,62nd Annual GRAMMY Awards  (2019),2020-05-19T05:10:28-07:00,2020-05-19T05:10:28-07:00,Song Of The Year,Someone You Loved,,"Tom Barnes, Lewis Capaldi, Pete Kelleher, Benjamin Kohn & Sam Roman, songwriters (Lewis Capaldi)",https://www.grammy.com/sites/com/files/styles/artist_circle/public/muzooka/Lewis%2BCapaldi/Lewis%2520Capaldi_1_1_1581553214.jpg?itok=9PpWeGPh,True
2019,62nd Annual GRAMMY Awards  (2019),2020-05-19T05:10:28-07:00,2020-05-19T05:10:28-07:00,Song Of The Year,Truth Hurts,,"Steven Cheung, Eric Frederic, Melissa Jefferson & Jesse Saint John, songwriters (Lizzo)",https://www.grammy.com/sites/com/files/styles/artist_circle/public/muzooka/Steven%2BCheung/Steven%2520Cheung_1_1_1596098104.jpg?itok=txAgP8_T,True
2019,62nd Annual GRAMMY Awards  (2019),2020-05-19T05:10:28-07:00,2020-05-19T05:10:28-07:00,Best New Artist,Billie Eilish,,,,True
2019,62nd Annual GRAMMY Awards  (2019),2020-05-19T05:10:28-07:00,2020-05-19T05:10:28-07:00,Best New Artist,Black Pumas,,,,True
2019,62nd Annual GRAMMY Awards  (2019),2020-05-19T05:10:28-07:00,2020-05-19T05:10:28-07:00,Best New Artist,Lil Nas X,,,,True
2019,62nd Annual GRAMMY Awards  (2019),2020-05-19T05:10:28-07:00,2020-05-19T05:10:28-07:00,Best New Artist,Lizzo,,,,True
2019,62nd Annual GRAMMY Awards  (2019),2020-05-19T05:10:28-07:00,2020-05-19T05:10:28-07:00,Best New Artist,Maggie Rogers,,,,True
2019,62nd Annual GRAMMY Awards  (2019),2020-05-19T05:10:28-07:00,2020-05-19T05:10:28-07:00,Best New Artist,ROSALÍA,,,,True
2019,62nd Annual GRAMMY Awards  (2019),2020-05-19T05:10:28-07:00,2020-05-19T05:10:28-07:00,Best New Artist,Tank And The Bangas,,,,True
2019,62nd Annual GRAMMY Awards  (2019),2020-05-19T05:10:28-07:00,2020-05-19T05:10:28-07:00,Best New Artist,Yola,,,,True
2019,62nd Annual GRAMMY Awards  (2019),2020-05-19T05:10:28-07:00,2020-05-19T05:10:28-07:00,Best Pop Solo Performance,Truth Hurts,Lizzo,,https://www.grammy.com/sites/com/files/styles/artist_circle/public/muzooka/Lizzo/Lizzo_1_1_1583931631.jpg?itok=Gm2FQx4s,True
2019,62nd Annual GRAMMY Awards  (2019),2020-05-19T05:10:28-07:00,2020-05-19T05:10:28-07:00,Best Pop Solo Performance,Spirit,Beyoncé,,https://www.grammy.com/sites/com/files/styles/artist_circle/public/muzooka/Beyonc%25C3%25A9%2BKnowles/Beyonc%25C3%25A9_1_1_1597674429.jpg?itok=1jKGWBfF,True
2019,62nd Annual GRAMMY Awards  (2019),2020-05-19T05:10:28-07:00,2020-05-19T05:10:28-07:00,Best Pop Solo Performance,Bad Guy,Billie Eilish,,https://www.grammy.com/sites/com/files/styles/artist_circle/public/muzooka/Billie%2BEilish/Billie%2520Eilish_1_1_1594138954.jpg?itok=3-71Dfxh,True
2019,62nd Annual GRAMMY Awards  (2019),2020-05-19T05:10:28-07:00,2020-05-19T05:10:28-07:00,Best Pop Solo Performance,7 rings,Ariana Grande,,https://www.grammy.com/sites/com/files/styles/artist_circle/public/muzooka/Ariana%2BGrande/Ariana%2520Grande_1_1_1578384678.jpg?itok=Amj90j13,True
2019,62nd Annual GRAMMY Awards  (2019),2020-05-19T05:10:28-07:00,2020-05-19T05:10:28-07:00,Best Pop Solo Performance,You Need To Calm Down,Taylor Swift,,https://www.grammy.com/sites/com/files/styles/artist_circle/public/muzooka/Taylor%2BSwift/Taylor%2520Swift_1_1_1588259933.jpg?itok=faoR37HC,True
2019,62nd Annual GRAMMY Awards  (2019),2020-05-19T05:10:28-07:00,2020-05-19T05:10:28-07:00,Best Pop Duo/Group Performance,Old Town Road,Lil Nas X Featuring Billy Ray Cyrus,,https://www.grammy.com/sites/com/files/styles/artist_circle/public/muzooka/Montero%2BLamar%2BHill/Lil%2520Nas%2520X_1_1_1581656760.jpg?itok=_YR6dOjI,True
2019,62nd Annual GRAMMY Awards  (2019),2020-05-19T05:10:28-07:00,2020-05-19T05:10:28-07:00,Best Pop Duo/Group Performance,Boyfriend,Ariana Grande & Social House,,https://www.grammy.com/sites/com/files/styles/artist_circle/public/muzooka/Ariana%2BGrande/Ariana%2520Grande_1_1_1578384678.jpg?itok=Amj90j13,True
2019,62nd Annual GRAMMY Awards  (2019),2020-05-19T05:10:28-07:00,2020-05-19T05:10:28-07:00,Best Pop Duo/Group Performance,Sucker,Jonas Brothers,,https://www.grammy.com/sites/com/files/styles/artist_circle/public/muzooka/Jonas%2BBrothers/Jonas%2520Brothers_1_1_1594893817.jpg?itok=TvU3Eyx0,True
2019,62nd Annual GRAMMY Awards  (2019),2020-05-19T05:10:28-07:00,2020-05-19T05:10:28-07:00,Best Pop Duo/Group Performance,Sunflower,Post Malone & Swae Lee,,https://www.grammy.com/sites/com/files/styles/artist_circle/public/muzooka/Post%2BMalone/Post%2520Malone_1_1_1594910341.jpg?itok=HCyRm13g,True
2019,62nd Annual GRAMMY Awards  (2019),2020-05-19T05:10:28-07:00,2020-05-19T05:10:28-07:00,Best Pop Duo/Group Performance,Señorita,Shawn Mendes & Camila Cabello,,https://www.grammy.com/sites/com/files/styles/artist_circle/public/muzooka/Shawn%2BMendes/Shawn%2520Mendes_1_1_1591112919.jpg?itok=Fw4joBjf,True
2019,62nd Annual GRAMMY Awards  (2019),2020-05-19T05:10:28-07:00,2020-05-19T05:10:28-07:00,Best Traditional Pop Vocal Album,Look Now,Elvis Costello & The Imposters,,https://www.grammy.com/sites/com/files/styles/artist_circle/public/muzooka/Elvis%2BCostello/Elvis%2520Costello_1_1_1594649557.jpg?itok=8w_hGvGC,True
2019,62nd Annual GRAMMY Awards  (2019),2020-05-19T05:10:28-07:00,2020-05-19T05:10:28-07:00,Best Traditional Pop Vocal Album,Sì,Andrea Bocelli,,https://www.grammy.com/sites/com/files/styles/artist_circle/public/muzooka/Andrea%2BBocelli/Andrea%2520Bocelli_1_1_1597657844.jpg?itok=n_0n8Jdw,True
2019,62nd Annual GRAMMY Awards  (2019),2020-05-19T05:10:28-07:00,2020-05-19T05:10:28-07:00,Best Traditional Pop Vocal Album,Love (Deluxe Edition),Michael Bublé,,https://www.grammy.com/sites/com/files/styles/artist_circle/public/muzooka/Michael%2BBubl%25C3%25A9/Michael%2520Bubl%25C3%25A9_1_1_1578385534.jpg?itok=QJp6bog2,True
2019,62nd Annual GRAMMY Awards  (2019),2020-05-19T05:10:28-07:00,2020-05-19T05:10:28-07:00,Best Traditional Pop Vocal Album,A Legendary Christmas,John Legend,,https://www.grammy.com/sites/com/files/styles/artist_circle/public/muzooka/John%2BLegend/John%2520Legend_1_1_1579170047.jpg?itok=pD4-OfrQ,True
2019,62nd Annual GRAMMY Awards  (2019),2020-05-19T05:10:28-07:00,2020-05-19T05:10:28-07:00,Best Traditional Pop Vocal Album,Walls,Barbra Streisand,,https://www.grammy.com/sites/com/files/styles/artist_circle/public/muzooka/Barbra%2BStreisand/Barbra%2520Streisand_1_1_1597142976.jpg?itok=QWDCDpvy,True
2019,62nd Annual GRAMMY Awards  (2019),2020-05-19T05:10:28-07:00,2020-05-19T05:10:28-07:00,Best Pop Vocal Album,"When We All Fall Asleep, Where Do We Go?",Billie Eilish,,https://www.grammy.com/sites/com/files/styles/artist_circle/public/muzooka/Billie%2BEilish/Billie%2520Eilish_1_1_1594138954.jpg?itok=3-71Dfxh,True
2019,62nd Annual GRAMMY Awards  (2019),2020-05-19T05:10:28-07:00,2020-05-19T05:10:28-07:00,Best Pop Vocal Album,The Lion King: The Gift,Beyoncé,,https://www.grammy.com/sites/com/files/styles/artist_circle/public/muzooka/Beyonc%25C3%25A9%2BKnowles/Beyonc%25C3%25A9_1_1_1597674429.jpg?itok=1jKGWBfF,True
2019,62nd Annual GRAMMY Awards  (2019),2020-05-19T05:10:28-07:00,2020-05-19T05:10:28-07:00,Best Pop Vocal Album,"thank u, next",Ariana Grande,,https://www.grammy.com/sites/com/files/styles/artist_circle/public/muzooka/Ariana%2BGrande/Ariana%2520Grande_1_1_1578384678.jpg?itok=Amj90j13,True
2019,62nd Annual GRAMMY Awards  (2019),2020-05-19T05:10:28-07:00,2020-05-19T05:10:28-07:00,Best Pop Vocal Album,No.6 Collaborations Project,Ed Sheeran,,https://www.grammy.com/sites/com/files/styles/artist_circle/public/muzooka/Ed%2BSheeran/Ed%2520Sheeran_1_1_1594056948.jpg?itok=On8YTR-K,True
2019,62nd Annual GRAMMY Awards  (2019),2020-05-19T05:10:28-07:00,2020-05-19T05:10:28-07:00,Best Pop Vocal Album,Lover,Taylor Swift,,https://www.grammy.com/sites/com/files/styles/artist_circle/public/muzooka/Taylor%2BSwift/Taylor%2520Swift_1_1_1588259933.jpg?itok=faoR37HC,True
2019,62nd Annual GRAMMY Awards  (2019),2020-05-19T05:10:28-07:00,2020-05-19T05:10:28-07:00,Best Dance Recording,Got To Keep On,The Chemical Brothers,"The Chemical Brothers, producers; Steve Dub Jones & Tom Rowlands, mixers",https://www.grammy.com/sites/com/files/styles/artist_circle/public/muzooka/The%2BChemical%2BBrothers/The%2520Chemical%2520Brothers_1_1_1578387427.jpg?itok=d4bO6Tpl,True
2019,62nd Annual GRAMMY Awards  (2019),2020-05-19T05:10:28-07:00,2020-05-19T05:10:28-07:00,Best Dance Recording,Linked,Bonobo,"Simon Green, producer; Simon Green & Frank Merritt, mixers",https://www.grammy.com/sites/com/files/styles/artist_circle/public/muzooka/Bonobo/Bonobo_1_1_1578387014.jpg?itok=6Xx-KaEA,True
2019,62nd Annual GRAMMY Awards  (2019),2020-05-19T05:10:28-07:00,2020-05-19T05:10:28-07:00,Best Dance Recording,Piece Of Your Heart,Meduza Featuring Goodboys,"Simone Giani, Luca De Gregorio & Mattia Vitale, producers; Simone Giani, Luca De Gregorio & Mattia Vitale, mixers",https://www.grammy.com/sites/com/files/styles/artist_circle/public/muzooka/Meduza/Meduza_1_1_1581656767.jpg?itok=bUt2_QoP,True
2019,62nd Annual GRAMMY Awards  (2019),2020-05-19T05:10:28-07:00,2020-05-19T05:10:28-07:00,Best Dance Recording,Underwater,RÜFÜS DU SOL,"Jason Evigan & RÜFÜS DU SOL, producers; Cassian Stewart-Kasimba, mixer",https://www.grammy.com/sites/com/files/styles/artist_circle/public/muzooka/R%25C3%25BCf%25C3%25BCs%2BDu%2BSol/R%25C3%259CF%25C3%259CS%2520DU%2520SOL_1_1_1581551768.jpg?itok=i-NFBuVl,True
2019,62nd Annual GRAMMY Awards  (2019),2020-05-19T05:10:28-07:00,2020-05-19T05:10:28-07:00,Best Dance Recording,Midnight Hour,"Skrillex, Boys Noize & Ty Dolla $ign","Boys Noize & Skrillex, producers; Tom Norris & Skrillex, mixers",https://www.grammy.com/sites/com/files/styles/artist_circle/public/muzooka/Skrillex/Skrillex_1_1_1579166214.jpg?itok=SbT7rssq,True
2019,62nd Annual GRAMMY Awards  (2019),2020-05-19T05:10:28-07:00,2020-05-19T05:10:28-07:00,Best Dance/Electronic Album,No Geography,The Chemical Brothers,,https://www.grammy.com/sites/com/files/styles/artist_circle/public/muzooka/The%2BChemical%2BBrothers/The%2520Chemical%2520Brothers_1_1_1578387427.jpg?itok=d4bO6Tpl,True
2019,62nd Annual GRAMMY Awards  (2019),2020-05-19T05:10:28-07:00,2020-05-19T05:10:28-07:00,Best Dance/Electronic Album,LP5,Apparat,,https://www.grammy.com/sites/com/files/styles/artist_circle/public/muzooka/Apparat/Apparat_1_1_1581551818.jpg?itok=gNn62Z-D,True
2019,62nd Annual GRAMMY Awards  (2019),2020-05-19T05:10:28-07:00,2020-05-19T05:10:28-07:00,Best Dance/Electronic Album,Hi This Is Flume (Mixtape),Flume,,https://www.grammy.com/sites/com/files/styles/artist_circle/public/muzooka/Flume/Flume_1_1_1588264597.jpg?itok=mXrjnc4N,True
2019,62nd Annual GRAMMY Awards  (2019),2020-05-19T05:10:28-07:00,2020-05-19T05:10:28-07:00,Best Dance/Electronic Album,SOLACE,RÜFÜS DU SOL,,https://www.grammy.com/sites/com/files/styles/artist_circle/public/muzooka/R%25C3%25BCf%25C3%25BCs%2BDu%2BSol/R%25C3%259CF%25C3%259CS%2520DU%2520SOL_1_1_1581551768.jpg?itok=i-NFBuVl,True
2019,62nd Annual GRAMMY Awards  (2019),2020-05-19T05:10:28-07:00,2020-05-19T05:10:28-07:00,Best Dance/Electronic Album,Weather,Tycho Featuring Saint Sinner,,https://www.grammy.com/sites/com/files/styles/artist_circle/public/muzooka/Tycho/Tycho_1_1_1581551782.jpg?itok=e-RMC3kJ,True
2019,62nd Annual GRAMMY Awards  (2019),2020-05-19T05:10:28-07:00,2020-05-19T05:10:28-07:00,Best Contemporary Instrumental Album,Mettavolution,Rodrigo y Gabriela,,https://www.grammy.com/sites/com/files/styles/artist_circle/public/muzooka/Rodrigo%2By%2BGabriela/Rodrigo%2520y%2520Gabriela_1_1_1581371564.jpg?itok=PX2o2l1Z,True
2019,62nd Annual GRAMMY Awards  (2019),2020-05-19T05:10:28-07:00,2020-05-19T05:10:28-07:00,Best Contemporary Instrumental Album,Ancestral Recall,Christian Scott aTunde Adjuah,,,True
2019,62nd Annual GRAMMY Awards  (2019),2020-05-19T05:10:28-07:00,2020-05-19T05:10:28-07:00,Best Contemporary Instrumental Album,Star People Nation,Theo Croker,,https://www.grammy.com/sites/com/files/styles/artist_circle/public/muzooka/Theo%2BCroker/Theo%2520Croker_1_1_1581552439.jpg?itok=a25cBe_0,True
2019,62nd Annual GRAMMY Awards  (2019),2020-05-19T05:10:28-07:00,2020-05-19T05:10:28-07:00,Best Contemporary Instrumental Album,Beat Music! Beat Music! Beat Music!,Mark Guiliana,,https://www.grammy.com/sites/com/files/styles/artist_circle/public/muzooka/Mark%2BGuiliana/Mark%2520Guiliana_1_1_1581552197.jpg?itok=pvPLu8q6,True
2019,62nd Annual GRAMMY Awards  (2019),2020-05-19T05:10:28-07:00,2020-05-19T05:10:28-07:00,Best Contemporary Instrumental Album,Elevate,Lettuce,,https://www.grammy.com/sites/com/files/styles/artist_circle/public/muzooka/Lettuce/Lettuce_1_1_1596097987.jpg?itok=YNS02Rbi,True
2019,62nd Annual GRAMMY Awards  (2019),2020-05-19T05:10:28-07:00,2020-05-19T05:10:28-07:00,Best Rock Performance,This Land,Gary Clark Jr.,,https://www.grammy.com/sites/com/files/styles/artist_circle/public/garyclarkjr-spotlight-590678766.png?itok=Wc9C6JCI,True
2019,62nd Annual GRAMMY Awards  (2019),2020-05-19T05:10:28-07:00,2020-05-19T05:10:28-07:00,Best Rock Performance,Pretty Waste,Bones UK,,https://www.grammy.com/sites/com/files/styles/artist_circle/public/muzooka/Bones%2BUK/Bones%2520UK_1_1_1596098000.jpg?itok=xjHfoAEp,True
2019,62nd Annual GRAMMY Awards  (2019),2020-05-19T05:10:28-07:00,2020-05-19T05:10:28-07:00,Best Rock Performance,History Repeats,Brittany Howard,,https://www.grammy.com/sites/com/files/styles/artist_circle/public/muzooka/Brittany%2BHoward/Brittany%2520Howard_1_1_1595867701.jpg?itok=xSAUCrab,True
2019,62nd Annual GRAMMY Awards  (2019),2020-05-19T05:10:28-07:00,2020-05-19T05:10:28-07:00,Best Rock Performance,Woman,Karen O & Danger Mouse,,https://www.grammy.com/sites/com/files/styles/artist_circle/public/muzooka/Karen%2BO/Karen%2520O_1_1_1578387233.jpg?itok=XVL6wq0k,True
2019,62nd Annual GRAMMY Awards  (2019),2020-05-19T05:10:28-07:00,2020-05-19T05:10:28-07:00,Best Rock Performance,Too Bad,Rival Sons,,https://www.grammy.com/sites/com/files/styles/artist_circle/public/muzooka/Rival%2BSons/RIVAL%2520SONS_1_1_1582726033.jpg?itok=jibCmcdC,True
2019,62nd Annual GRAMMY Awards  (2019),2020-05-19T05:10:28-07:00,2020-05-19T05:10:28-07:00,Best Metal Performance,7empest,Tool,,https://www.grammy.com/sites/com/files/styles/artist_circle/public/muzooka/Tool/Tool_1_1_1578387453.jpg?itok=eRR26rxr,True
2019,62nd Annual GRAMMY Awards  (2019),2020-05-19T05:10:28-07:00,2020-05-19T05:10:28-07:00,Best Metal Performance,Astorolus - The Great Octopus,Candlemass Featuring Tony Iommi,,https://www.grammy.com/sites/com/files/styles/artist_circle/public/muzooka/Candlemass/Candlemass_1_1_1578384387.jpg?itok=GK6Vwtji,True
2019,62nd Annual GRAMMY Awards  (2019),2020-05-19T05:10:28-07:00,2020-05-19T05:10:28-07:00,Best Metal Performance,Humanicide,Death Angel,,https://www.grammy.com/sites/com/files/styles/artist_circle/public/muzooka/Death%2BAngel/Death%2520Angel_1_1_1584526447.jpg?itok=HfSWH2xg,True
2019,62nd Annual GRAMMY Awards  (2019),2020-05-19T05:10:28-07:00,2020-05-19T05:10:28-07:00,Best Metal Performance,Bow Down,I Prevail,,https://www.grammy.com/sites/com/files/styles/artist_circle/public/muzooka/I%2BPrevail/I%2520Prevail_1_1_1594649940.jpg?itok=qc-FAOei,True
2019,62nd Annual GRAMMY Awards  (2019),2020-05-19T05:10:28-07:00,2020-05-19T05:10:28-07:00,Best Metal Performance,Unleashed,Killswitch Engage,,https://www.grammy.com/sites/com/files/styles/artist_circle/public/muzooka/Killswitch%2BEngage/Killswitch%2520Engage_1_1_1578387236.jpg?itok=pO-779bp,True
2019,62nd Annual GRAMMY Awards  (2019),2020-05-19T05:10:28-07:00,2020-05-19T05:10:28-07:00,Best Rock Song,This Land,,"Gary Clark Jr., songwriter (Gary Clark Jr.)",https://www.grammy.com/sites/com/files/styles/artist_circle/public/garyclarkjr-spotlight-590678766.png?itok=Wc9C6JCI,True
2019,62nd Annual GRAMMY Awards  (2019),2020-05-19T05:10:28-07:00,2020-05-19T05:10:28-07:00,Best Rock Song,Fear Inoculum,,"Danny Carey, Justin Chancellor, Adam Jones & Maynard James Keenan, songwriters (Tool)",https://www.grammy.com/sites/com/files/styles/artist_circle/public/muzooka/Maynard%2BJames%2BKeenan/Maynard%2520James%2520Keenan_1_1_1581619260.jpg?itok=TAz5w4WM,True
2019,62nd Annual GRAMMY Awards  (2019),2020-05-19T05:10:28-07:00,2020-05-19T05:10:28-07:00,Best Rock Song,Give Yourself A Try,,"George Daniel, Adam Hann, Matthew Healy & Ross MacDonald, songwriters (The 1975)",https://www.grammy.com/sites/com/files/styles/artist_circle/public/muzooka/Adam%2BHann/Adam%2520Hann_1_1_1581652677.jpg?itok=vc_NxDk4,True
2019,62nd Annual GRAMMY Awards  (2019),2020-05-19T05:10:28-07:00,2020-05-19T05:10:28-07:00,Best Rock Song,Harmony Hall,,"Ezra Koenig, songwriter (Vampire Weekend)",,True
2019,62nd Annual GRAMMY Awards  (2019),2020-05-19T05:10:28-07:00,2020-05-19T05:10:28-07:00,Best Rock Song,History Repeats,,"Brittany Howard, songwriter (Brittany Howard)",https://www.grammy.com/sites/com/files/styles/artist_circle/public/muzooka/Brittany%2BHoward/Brittany%2520Howard_1_1_1595867701.jpg?itok=xSAUCrab,True
2019,62nd Annual GRAMMY Awards  (2019),2020-05-19T05:10:28-07:00,2020-05-19T05:10:28-07:00,Best Rock Album,Social Cues,Cage The Elephant,,https://www.grammy.com/sites/com/files/styles/artist_circle/public/muzooka/Cage%2BThe%2BElephant/Cage%2520The%2520Elephant_1_1_1581551756.jpg?itok=mhAGqzDZ,True
2019,62nd Annual GRAMMY Awards  (2019),2020-05-19T05:10:28-07:00,2020-05-19T05:10:28-07:00,Best Rock Album,amo,Bring Me The Horizon,,https://www.grammy.com/sites/com/files/styles/artist_circle/public/muzooka/Bring%2BMe%2BThe%2BHorizon/Bring%2520Me%2520the%2520Horizon_1_1_1594058142.jpg?itok=rphfHH9M,True
2019,62nd Annual GRAMMY Awards  (2019),2020-05-19T05:10:28-07:00,2020-05-19T05:10:28-07:00,Best Rock Album,In The End,The Cranberries,,https://www.grammy.com/sites/com/files/styles/artist_circle/public/muzooka/The%2BCranberries/The%2520Cranberries_1_1_1591112980.jpg?itok=dZ8Ba825,True
2019,62nd Annual GRAMMY Awards  (2019),2020-05-19T05:10:28-07:00,2020-05-19T05:10:28-07:00,Best Rock Album,Trauma,I Prevail,,https://www.grammy.com/sites/com/files/styles/artist_circle/public/muzooka/I%2BPrevail/I%2520Prevail_1_1_1594649940.jpg?itok=qc-FAOei,True
2019,62nd Annual GRAMMY Awards  (2019),2020-05-19T05:10:28-07:00,2020-05-19T05:10:28-07:00,Best Rock Album,Feral Roots,Rival Sons,,https://www.grammy.com/sites/com/files/styles/artist_circle/public/muzooka/Rival%2BSons/RIVAL%2520SONS_1_1_1582726033.jpg?itok=jibCmcdC,True
2019,62nd Annual GRAMMY Awards  (2019),2020-05-19T05:10:28-07:00,2020-05-19T05:10:28-07:00,Best Alternative Music Album,Father Of The Bride,Vampire Weekend,,https://www.grammy.com/sites/com/files/styles/artist_circle/public/muzooka/Vampire%2BWeekend/Vampire%2520Weekend_1_1_1578387474.jpg?itok=mAj-5E-g,True
2019,62nd Annual GRAMMY Awards  (2019),2020-05-19T05:10:28-07:00,2020-05-19T05:10:28-07:00,Best Alternative Music Album,U.F.O.F.,Big Thief,,https://www.grammy.com/sites/com/files/styles/artist_circle/public/muzooka/Big%2BThief/Big%2520Thief_1_1_1588264774.jpg?itok=KuFHkAOR,True
2019,62nd Annual GRAMMY Awards  (2019),2020-05-19T05:10:28-07:00,2020-05-19T05:10:28-07:00,Best Alternative Music Album,Assume Form,James Blake,,https://www.grammy.com/sites/com/files/styles/artist_circle/public/muzooka/James%2BBlake/James%2520Blake_1_1_1578387181.jpg?itok=WnKXIx0X,True
2019,62nd Annual GRAMMY Awards  (2019),2020-05-19T05:10:28-07:00,2020-05-19T05:10:28-07:00,Best Alternative Music Album,"I,I",Bon Iver,,https://www.grammy.com/sites/com/files/styles/artist_circle/public/muzooka/Bon%2BIver/Bon%2520Iver_1_1_1578385181.jpg?itok=_M1hc5Ux,True
2019,62nd Annual GRAMMY Awards  (2019),2020-05-19T05:10:28-07:00,2020-05-19T05:10:28-07:00,Best Alternative Music Album,Anima,Thom Yorke,,https://www.grammy.com/sites/com/files/styles/artist_circle/public/thom_yorke.png?itok=YO27DEeb,True
2019,62nd Annual GRAMMY Awards  (2019),2020-05-19T05:10:28-07:00,2020-05-19T05:10:28-07:00,Best R&B Performance,Come Home,Anderson .Paak Featuring André 3000,,https://www.grammy.com/sites/com/files/styles/artist_circle/public/muzooka/Anderson%2B.Paak/Anderson%2520.Paak_1_1_1581551893.jpg?itok=uYzYyy-g,True
2019,62nd Annual GRAMMY Awards  (2019),2020-05-19T05:10:28-07:00,2020-05-19T05:10:28-07:00,Best R&B Performance,Love Again,Daniel Caesar & Brandy,,https://www.grammy.com/sites/com/files/styles/artist_circle/public/muzooka/Daniel%2BCaesar/Daniel%2520Caesar_1_1_1579536375.jpg?itok=V4d594x2,True
2019,62nd Annual GRAMMY Awards  (2019),2020-05-19T05:10:28-07:00,2020-05-19T05:10:28-07:00,Best R&B Performance,Could've Been,H.E.R. Featuring Bryson Tiller,,https://www.grammy.com/sites/com/files/styles/artist_circle/public/muzooka/H.E.R./H.E.R._1_1_1594631035.jpg?itok=ClJe-2MN,True
2019,62nd Annual GRAMMY Awards  (2019),2020-05-19T05:10:28-07:00,2020-05-19T05:10:28-07:00,Best R&B Performance,Exactly How I Feel,Lizzo Featuring Gucci Mane,,https://www.grammy.com/sites/com/files/styles/artist_circle/public/muzooka/Lizzo/Lizzo_1_1_1583931631.jpg?itok=Gm2FQx4s,True
2019,62nd Annual GRAMMY Awards  (2019),2020-05-19T05:10:28-07:00,2020-05-19T05:10:28-07:00,Best R&B Performance,Roll Some Mo,Lucky Daye,,https://www.grammy.com/sites/com/files/styles/artist_circle/public/muzooka/David%2BBrown/David%2520Brown_1_1_1597180238.jpg?itok=hsYrRs_5,True
2019,62nd Annual GRAMMY Awards  (2019),2020-05-19T05:10:28-07:00,2020-05-19T05:10:28-07:00,Best Traditional R&B Performance,Jerome,Lizzo,,https://www.grammy.com/sites/com/files/styles/artist_circle/public/muzooka/Lizzo/Lizzo_1_1_1583931631.jpg?itok=Gm2FQx4s,True
2019,62nd Annual GRAMMY Awards  (2019),2020-05-19T05:10:28-07:00,2020-05-19T05:10:28-07:00,Best Traditional R&B Performance,Time Today,BJ The Chicago Kid,,https://www.grammy.com/sites/com/files/styles/artist_circle/public/muzooka/BJ%2BThe%2BChicago%2BKid/Bj%2520THE%2520CHICAGO%2520KID_1_1_1581552431.jpg?itok=hktDvQrE,True
2019,62nd Annual GRAMMY Awards  (2019),2020-05-19T05:10:28-07:00,2020-05-19T05:10:28-07:00,Best Traditional R&B Performance,Steady Love,India.Arie,,https://www.grammy.com/sites/com/files/styles/artist_circle/public/indiaarie-spotlight-107148703.png?itok=EhTaEZYR,True
2019,62nd Annual GRAMMY Awards  (2019),2020-05-19T05:10:28-07:00,2020-05-19T05:10:28-07:00,Best Traditional R&B Performance,Real Games,Lucky Daye,,https://www.grammy.com/sites/com/files/styles/artist_circle/public/muzooka/David%2BBrown/David%2520Brown_1_1_1597180238.jpg?itok=hsYrRs_5,True
2019,62nd Annual GRAMMY Awards  (2019),2020-05-19T05:10:28-07:00,2020-05-19T05:10:28-07:00,Best Traditional R&B Performance,Built For Love,PJ Morton Featuring Jazmine Sullivan,,https://www.grammy.com/sites/com/files/styles/artist_circle/public/muzooka/PJ%2BMorton/PJ%2520Morton_1_1_1581553476.jpg?itok=jl8z_7qP,True
2019,62nd Annual GRAMMY Awards  (2019),2020-05-19T05:10:28-07:00,2020-05-19T05:10:28-07:00,Best R&B Song,Say So,,"PJ Morton, songwriter (PJ Morton Featuring JoJo)",https://www.grammy.com/sites/com/files/styles/artist_circle/public/muzooka/PJ%2BMorton/PJ%2520Morton_1_1_1581553476.jpg?itok=jl8z_7qP,True
2019,62nd Annual GRAMMY Awards  (2019),2020-05-19T05:10:28-07:00,2020-05-19T05:10:28-07:00,Best R&B Song,Could've Been,,"Dernst Emile II, David “Swagg R’Celious” Harris, H.E.R. & Hue “Soundzfire” Strother, songwriters (H.E.R. Featuring Bryson Tiller)",https://www.grammy.com/sites/com/files/styles/artist_circle/public/muzooka/H.E.R./H.E.R._1_1_1594631035.jpg?itok=ClJe-2MN,True
2019,62nd Annual GRAMMY Awards  (2019),2020-05-19T05:10:28-07:00,2020-05-19T05:10:28-07:00,Best R&B Song,Look At Me Now,,"Emily King & Jeremy Most, songwriters (Emily King)",https://www.grammy.com/sites/com/files/styles/artist_circle/public/muzooka/Emily%2BKing/Emily%2520King_1_1_1580223533.jpg?itok=DTv0-T6H,True
2019,62nd Annual GRAMMY Awards  (2019),2020-05-19T05:10:28-07:00,2020-05-19T05:10:28-07:00,Best R&B Song,No Guidance,,"Chris Brown, Tyler James Bryant, Nija Charles, Aubrey Graham, Anderson Hernandez, Joshua Huizar, Michee Patrick Lebrun, Noah Shebib & Teddy Walton, songwriters (Chris Brown Featuring Drake)",https://www.grammy.com/sites/com/files/styles/artist_circle/public/chrisbrown-spotlight-514044766.png?itok=xc5pU0If,True
2019,62nd Annual GRAMMY Awards  (2019),2020-05-19T05:10:28-07:00,2020-05-19T05:10:28-07:00,Best R&B Song,Roll Some Mo,,"David Brown, Dernst Emile II & Peter Lee Johnson, songwriters (Lucky Daye)",https://www.grammy.com/sites/com/files/styles/artist_circle/public/muzooka/David%2BBrown/David%2520Brown_1_1_1597180238.jpg?itok=hsYrRs_5,True
2019,62nd Annual GRAMMY Awards  (2019),2020-05-19T05:10:28-07:00,2020-05-19T05:10:28-07:00,Best Urban Contemporary Album,Cuz I Love You (Deluxe),Lizzo,,https://www.grammy.com/sites/com/files/styles/artist_circle/public/muzooka/Lizzo/Lizzo_1_1_1583931631.jpg?itok=Gm2FQx4s,True
2019,62nd Annual GRAMMY Awards  (2019),2020-05-19T05:10:28-07:00,2020-05-19T05:10:28-07:00,Best Urban Contemporary Album,Apollo XXI,Steve Lacy,,https://www.grammy.com/sites/com/files/styles/artist_circle/public/muzooka/Steve%2BLacy-Moya/Steve%2520Lacy_1_1_1581562287.jpg?itok=ZU1p2eI5,True
2019,62nd Annual GRAMMY Awards  (2019),2020-05-19T05:10:28-07:00,2020-05-19T05:10:28-07:00,Best Urban Contemporary Album,Overload,Georgia Anne Muldrow,,https://www.grammy.com/sites/com/files/styles/artist_circle/public/muzooka/Georgia%2BAnne%2BMuldrow/Georgia%2520Anne%2520Muldrow_1_1_1578387142.jpg?itok=OCD276ut,True
2019,62nd Annual GRAMMY Awards  (2019),2020-05-19T05:10:28-07:00,2020-05-19T05:10:28-07:00,Best Urban Contemporary Album,Saturn,NAO,,https://www.grammy.com/sites/com/files/styles/artist_circle/public/muzooka/NAO/NAO_1_1_1588264640.jpg?itok=ZAWYuUz0,True
2019,62nd Annual GRAMMY Awards  (2019),2020-05-19T05:10:28-07:00,2020-05-19T05:10:28-07:00,Best Urban Contemporary Album,Being Human In Public,Jessie Reyez,,https://www.grammy.com/sites/com/files/styles/artist_circle/public/muzooka/Jessie%2BReyez/Jessie%2520Reyez_1_1_1584702385.jpg?itok=SkNe8sX5,True
2019,62nd Annual GRAMMY Awards  (2019),2020-05-19T05:10:28-07:00,2020-05-19T05:10:28-07:00,Best R&B Album,Ventura,Anderson .Paak,,https://www.grammy.com/sites/com/files/styles/artist_circle/public/muzooka/Anderson%2B.Paak/Anderson%2520.Paak_1_1_1581551893.jpg?itok=uYzYyy-g,True
2019,62nd Annual GRAMMY Awards  (2019),2020-05-19T05:10:28-07:00,2020-05-19T05:10:28-07:00,Best R&B Album,1123,BJ The Chicago Kid,,https://www.grammy.com/sites/com/files/styles/artist_circle/public/muzooka/BJ%2BThe%2BChicago%2BKid/Bj%2520THE%2520CHICAGO%2520KID_1_1_1581552431.jpg?itok=hktDvQrE,True
2019,62nd Annual GRAMMY Awards  (2019),2020-05-19T05:10:28-07:00,2020-05-19T05:10:28-07:00,Best R&B Album,Painted,Lucky Daye,,https://www.grammy.com/sites/com/files/styles/artist_circle/public/muzooka/David%2BBrown/David%2520Brown_1_1_1597180238.jpg?itok=hsYrRs_5,True
2019,62nd Annual GRAMMY Awards  (2019),2020-05-19T05:10:28-07:00,2020-05-19T05:10:28-07:00,Best R&B Album,Ella Mai,Ella Mai,,https://www.grammy.com/sites/com/files/styles/artist_circle/public/muzooka/Ella%2BMai/Ella%2520Mai_1_1_1581554582.jpg?itok=535PoMSJ,True
2019,62nd Annual GRAMMY Awards  (2019),2020-05-19T05:10:28-07:00,2020-05-19T05:10:28-07:00,Best R&B Album,Paul,PJ Morton,,https://www.grammy.com/sites/com/files/styles/artist_circle/public/muzooka/PJ%2BMorton/PJ%2520Morton_1_1_1581553476.jpg?itok=jl8z_7qP,True
2019,62nd Annual GRAMMY Awards  (2019),2020-05-19T05:10:28-07:00,2020-05-19T05:10:28-07:00,Best Rap Performance,Racks In The Middle,Nipsey Hussle Featuring Roddy Ricch & Hit-Boy,,https://www.grammy.com/sites/com/files/styles/artist_circle/public/nispey_hussle.jpg?itok=5_wRiQ7t,True
2019,62nd Annual GRAMMY Awards  (2019),2020-05-19T05:10:28-07:00,2020-05-19T05:10:28-07:00,Best Rap Performance,Middle Child,J. Cole,,https://www.grammy.com/sites/com/files/styles/artist_circle/public/muzooka/J.%2BCole/J.%2520Cole_1_1_1597064506.jpg?itok=55BZ0_qa,True
2019,62nd Annual GRAMMY Awards  (2019),2020-05-19T05:10:28-07:00,2020-05-19T05:10:28-07:00,Best Rap Performance,Suge,DaBaby,,https://www.grammy.com/sites/com/files/styles/artist_circle/public/muzooka/DaBaby/DaBaby_1_1_1594126736.jpg?itok=Wlzj10nP,True
2019,62nd Annual GRAMMY Awards  (2019),2020-05-19T05:10:28-07:00,2020-05-19T05:10:28-07:00,Best Rap Performance,Down Bad,"Dreamville Featuring J.I.D, Bas, J. Cole, EARTHGANG & Young Nudy",,https://www.grammy.com/sites/com/files/styles/artist_circle/public/transparent_square_34.png?itok=_tMVdLyt,True
2019,62nd Annual GRAMMY Awards  (2019),2020-05-19T05:10:28-07:00,2020-05-19T05:10:28-07:00,Best Rap Performance,Clout,Offset Featuring Cardi B,,https://www.grammy.com/sites/com/files/styles/artist_circle/public/muzooka/Offset/OFFSET_1_1_1591238493.jpg?itok=NxmpVG3X,True
2019,62nd Annual GRAMMY Awards  (2019),2020-05-19T05:10:28-07:00,2020-05-19T05:10:28-07:00,Best Rap/Sung Performance,Higher,DJ Khaled Featuring Nipsey Hussle & John Legend,,https://www.grammy.com/sites/com/files/styles/artist_circle/public/muzooka/DJ%2BKhaled/DJ%2520Khaled_1_1_1595859534.jpg?itok=Oy_XqCIe,True
2019,62nd Annual GRAMMY Awards  (2019),2020-05-19T05:10:28-07:00,2020-05-19T05:10:28-07:00,Best Rap/Sung Performance,Drip Too Hard,Lil Baby & Gunna,,https://www.grammy.com/sites/com/files/styles/artist_circle/public/muzooka/Lil%2BBaby/Lil%2520Baby_1_1_1594378564.jpg?itok=M_DemNOu,True
2019,62nd Annual GRAMMY Awards  (2019),2020-05-19T05:10:28-07:00,2020-05-19T05:10:28-07:00,Best Rap/Sung Performance,Panini,Lil Nas X,,https://www.grammy.com/sites/com/files/styles/artist_circle/public/muzooka/Montero%2BLamar%2BHill/Lil%2520Nas%2520X_1_1_1581656760.jpg?itok=_YR6dOjI,True
2019,62nd Annual GRAMMY Awards  (2019),2020-05-19T05:10:28-07:00,2020-05-19T05:10:28-07:00,Best Rap/Sung Performance,Ballin',Mustard Featuring Roddy Ricch,,https://www.grammy.com/sites/com/files/styles/artist_circle/public/muzooka/Dijon%2BMcFarlane/Mustard_1_1_1581371394.jpg?itok=HvY72cZm,True
2019,62nd Annual GRAMMY Awards  (2019),2020-05-19T05:10:28-07:00,2020-05-19T05:10:28-07:00,Best Rap/Sung Performance,The London,Young Thug Featuring J. Cole & Travis Scott,,https://www.grammy.com/sites/com/files/styles/artist_circle/public/muzooka/Jeffery%2BLamar%2BWilliams/Young%2520Thug_1_1_1581554774.jpg?itok=82TcG3yJ,True
2019,62nd Annual GRAMMY Awards  (2019),2020-05-19T05:10:28-07:00,2020-05-19T05:10:28-07:00,Best Rap Song,A Lot,,"Jermaine Cole, Dacoury Natche, 21 Savage & Anthony White, songwriters (21 Savage Featuring J. Cole)",https://www.grammy.com/sites/com/files/styles/artist_circle/public/muzooka/J.%2BCole/J.%2520Cole_1_1_1597064506.jpg?itok=55BZ0_qa,True
2019,62nd Annual GRAMMY Awards  (2019),2020-05-19T05:10:28-07:00,2020-05-19T05:10:28-07:00,Best Rap Song,Bad Idea,,"Chancelor Bennett, Cordae Dunston, Uforo Ebong & Daniel Hackett, songwriters (YBN Cordae Featuring Chance The Rapper)",https://www.grammy.com/sites/com/files/styles/artist_circle/public/muzooka/Chancelor%2BBennett/Chance%2520The%2520Rapper_1_1_1581551756.jpg?itok=sD2KjlWQ,True
2019,62nd Annual GRAMMY Awards  (2019),2020-05-19T05:10:28-07:00,2020-05-19T05:10:28-07:00,Best Rap Song,Gold Roses,,"Noel Cadastre, Aubrey Graham, Anderson Hernandez, Khristopher Riddick-Tynes, William Leonard Roberts II, Joshua Quinton Scruggs, Leon Thomas III & Ozan Yildirim, songwriters (Rick Ross Featuring Drake)",https://www.grammy.com/sites/com/files/styles/artist_circle/public/muzooka/Drake/Drake_1_1_1594066654.jpg?itok=SV_b8VHJ,True
2019,62nd Annual GRAMMY Awards  (2019),2020-05-19T05:10:28-07:00,2020-05-19T05:10:28-07:00,Best Rap Song,Racks In The Middle,,"Ermias Asghedom, Dustin James Corbett, Greg Allen Davis, Chauncey Hollis, Jr. & Rodrick Moore, songwriters (Nipsey Hussle Featuring Roddy Ricch & Hit-Boy)",https://www.grammy.com/sites/com/files/styles/artist_circle/public/nispey_hussle.jpg?itok=5_wRiQ7t,True
2019,62nd Annual GRAMMY Awards  (2019),2020-05-19T05:10:28-07:00,2020-05-19T05:10:28-07:00,Best Rap Song,Suge,,"DaBaby, Jetsonmade & Pooh Beatz, songwriters (DaBaby)",https://www.grammy.com/sites/com/files/styles/artist_circle/public/muzooka/DaBaby/DaBaby_1_1_1594126736.jpg?itok=Wlzj10nP,True
2019,62nd Annual GRAMMY Awards  (2019),2020-05-19T05:10:28-07:00,2020-05-19T05:10:28-07:00,Best Rap Album,Igor,"Tyler, The Creator",,https://www.grammy.com/sites/com/files/styles/artist_circle/public/tylerthecreator-spotlight.png?itok=94E8worH,True
2019,62nd Annual GRAMMY Awards  (2019),2020-05-19T05:10:28-07:00,2020-05-19T05:10:28-07:00,Best Rap Album,Revenge Of The Dreamers III,Dreamville,,https://www.grammy.com/sites/com/files/styles/artist_circle/public/transparent_square_34.png?itok=_tMVdLyt,True
2019,62nd Annual GRAMMY Awards  (2019),2020-05-19T05:10:28-07:00,2020-05-19T05:10:28-07:00,Best Rap Album,Championships,Meek Mill,,https://www.grammy.com/sites/com/files/styles/artist_circle/public/muzooka/Meek%2BMill/Meek%2520Mill_1_1_1578387296.jpg?itok=cL8i8u2Z,True
2019,62nd Annual GRAMMY Awards  (2019),2020-05-19T05:10:28-07:00,2020-05-19T05:10:28-07:00,Best Rap Album,I Am > I Was,21 Savage,,https://www.grammy.com/sites/com/files/styles/artist_circle/public/muzooka/21%2BSavage/21%2520Savage_1_1_1581552016.jpg?itok=OD45PjAa,True
2019,62nd Annual GRAMMY Awards  (2019),2020-05-19T05:10:28-07:00,2020-05-19T05:10:28-07:00,Best Rap Album,The Lost Boy,YBN Cordae,,https://www.grammy.com/sites/com/files/styles/artist_circle/public/muzooka/YBN%2BCordae/YBN%2520Cordae_1_1_1581628263.jpg?itok=5X9mFGRP,True
2019,62nd Annual GRAMMY Awards  (2019),2020-05-19T05:10:28-07:00,2020-05-19T05:10:28-07:00,Best Country Solo Performance,Ride Me Back Home,Willie Nelson,,https://www.grammy.com/sites/com/files/styles/artist_circle/public/muzooka/Willie%2BNelson/Willie%2520Nelson_1_1_1578385381.jpg?itok=Dc-WqO_x,True
2019,62nd Annual GRAMMY Awards  (2019),2020-05-19T05:10:28-07:00,2020-05-19T05:10:28-07:00,Best Country Solo Performance,All Your’n,Tyler Childers,,https://www.grammy.com/sites/com/files/styles/artist_circle/public/muzooka/Tyler%2BChilders/Tyler%2520Childers_1_1_1584457124.jpg?itok=36vPBFWp,True
2019,62nd Annual GRAMMY Awards  (2019),2020-05-19T05:10:28-07:00,2020-05-19T05:10:28-07:00,Best Country Solo Performance,Girl Goin' Nowhere,Ashley McBryde,,https://www.grammy.com/sites/com/files/styles/artist_circle/public/muzooka/Ashley%2BMcBryde/Ashley%2520McBryde_1_1_1594938725.jpg?itok=wUjMc0xL,True
2019,62nd Annual GRAMMY Awards  (2019),2020-05-19T05:10:28-07:00,2020-05-19T05:10:28-07:00,Best Country Solo Performance,God's Country,Blake Shelton,,https://www.grammy.com/sites/com/files/styles/artist_circle/public/muzooka/Blake%2BShelton/Blake%2520Shelton_1_1_1578387001.jpg?itok=nHF_lLYS,True
2019,62nd Annual GRAMMY Awards  (2019),2020-05-19T05:10:28-07:00,2020-05-19T05:10:28-07:00,Best Country Solo Performance,Bring My Flowers Now,Tanya Tucker,,https://www.grammy.com/sites/com/files/styles/artist_circle/public/muzooka/Tanya%2BTucker/Tanya%2520Tucker_1_1_1595545983.jpg?itok=YUHGrOgo,True
2019,62nd Annual GRAMMY Awards  (2019),2020-05-19T05:10:28-07:00,2020-05-19T05:10:28-07:00,Best Country Duo/Group Performance,Speechless,Dan + Shay,,https://www.grammy.com/sites/com/files/styles/artist_circle/public/muzooka/Dan%2B%252B%2BShay/Dan%2520%252B%2520Shay_1_1_1595519839.jpg?itok=YuZpUbdu,True
2019,62nd Annual GRAMMY Awards  (2019),2020-05-19T05:10:28-07:00,2020-05-19T05:10:28-07:00,Best Country Duo/Group Performance,Brand New Man,Brooks & Dunn With Luke Combs,,https://www.grammy.com/sites/com/files/styles/artist_circle/public/muzooka/Brooks%2B%2526%2BDunn/Brooks%2520%2526%2520Dunn_1_1_1596249775.jpg?itok=mibOXkAc,True
2019,62nd Annual GRAMMY Awards  (2019),2020-05-19T05:10:28-07:00,2020-05-19T05:10:28-07:00,Best Country Duo/Group Performance,I Don't Remember Me (Before You),Brothers Osborne,,https://www.grammy.com/sites/com/files/styles/artist_circle/public/muzooka/Brothers%2BOsborne/Brothers%2520Osborne_1_1_1594117254.jpg?itok=CduEn-7S,True
2019,62nd Annual GRAMMY Awards  (2019),2020-05-19T05:10:28-07:00,2020-05-19T05:10:28-07:00,Best Country Duo/Group Performance,The Daughters,Little Big Town,,https://www.grammy.com/sites/com/files/styles/artist_circle/public/muzooka/Little%2BBig%2BTown/Little%2520Big%2520Town_1_1_1595861656.jpg?itok=iuWsqCuA,True
2019,62nd Annual GRAMMY Awards  (2019),2020-05-19T05:10:28-07:00,2020-05-19T05:10:28-07:00,Best Country Duo/Group Performance,Common,Maren Morris Featuring Brandi Carlile,,https://www.grammy.com/sites/com/files/styles/artist_circle/public/muzooka/Maren%2BMorris/Maren%2520Morris_1_1_1594056945.jpg?itok=29Dwb_ve,True
2019,62nd Annual GRAMMY Awards  (2019),2020-05-19T05:10:28-07:00,2020-05-19T05:10:28-07:00,Best Country Song,Bring My Flowers Now,,"Brandi Carlile, Phil Hanseroth, Tim Hanseroth & Tanya Tucker, songwriters (Tanya Tucker)",https://www.grammy.com/sites/com/files/styles/artist_circle/public/muzooka/Brandi%2BCarlile/Brandi%2520Carlile_1_1_1597247043.jpg?itok=5265JEVE,True
2019,62nd Annual GRAMMY Awards  (2019),2020-05-19T05:10:28-07:00,2020-05-19T05:10:28-07:00,Best Country Song,Girl Goin' Nowhere,,"Jeremy Bussey & Ashley McBryde, songwriters (Ashley McBryde)",https://www.grammy.com/sites/com/files/styles/artist_circle/public/muzooka/Ashley%2BMcBryde/Ashley%2520McBryde_1_1_1594938725.jpg?itok=wUjMc0xL,True
2019,62nd Annual GRAMMY Awards  (2019),2020-05-19T05:10:28-07:00,2020-05-19T05:10:28-07:00,Best Country Song,It All Comes Out In The Wash,,"Miranda Lambert, Hillary Lindsey, Lori McKenna & Liz Rose, songwriters (Miranda Lambert)",https://www.grammy.com/sites/com/files/styles/artist_circle/public/muzooka/Miranda%2BLambert/Miranda%2520Lambert_1_1_1594893267.jpg?itok=7i4nOIkz,True
2019,62nd Annual GRAMMY Awards  (2019),2020-05-19T05:10:28-07:00,2020-05-19T05:10:28-07:00,Best Country Song,Some Of It,,"Eric Church, Clint Daniels, Jeff Hyde & Bobby Pinson, songwriters (Eric Church)",https://www.grammy.com/sites/com/files/styles/artist_circle/public/muzooka/Eric%2BChurch/Eric%2520Church_1_1_1578385050.jpg?itok=L8iXKdL8,True
2019,62nd Annual GRAMMY Awards  (2019),2020-05-19T05:10:28-07:00,2020-05-19T05:10:28-07:00,Best Country Song,Speechless,,"Shay Mooney, Jordan Reynolds, Dan Smyers & Laura Veltz, songwriters (Dan + Shay)",https://www.grammy.com/sites/com/files/styles/artist_circle/public/shay.png?itok=2Y7jXV4J,True
2019,62nd Annual GRAMMY Awards  (2019),2020-05-19T05:10:28-07:00,2020-05-19T05:10:28-07:00,Best Country Album,While I'm Livin',Tanya Tucker,,https://www.grammy.com/sites/com/files/styles/artist_circle/public/muzooka/Tanya%2BTucker/Tanya%2520Tucker_1_1_1595545983.jpg?itok=YUHGrOgo,True
2019,62nd Annual GRAMMY Awards  (2019),2020-05-19T05:10:28-07:00,2020-05-19T05:10:28-07:00,Best Country Album,Desperate Man,Eric Church,,https://www.grammy.com/sites/com/files/styles/artist_circle/public/muzooka/Eric%2BChurch/Eric%2520Church_1_1_1578385050.jpg?itok=L8iXKdL8,True
2019,62nd Annual GRAMMY Awards  (2019),2020-05-19T05:10:28-07:00,2020-05-19T05:10:28-07:00,Best Country Album,Stronger Than The Truth,Reba McEntire,,https://www.grammy.com/sites/com/files/styles/artist_circle/public/muzooka/Reba%2BMcEntire/Reba%2520McEntire_1_1_1578387350.jpg?itok=UEMLeH_f,True
2019,62nd Annual GRAMMY Awards  (2019),2020-05-19T05:10:28-07:00,2020-05-19T05:10:28-07:00,Best Country Album,Interstate Gospel,Pistol Annies,,https://www.grammy.com/sites/com/files/styles/artist_circle/public/muzooka/Pistol%2BAnnies/Pistol%2520Annies_1_1_1581552146.jpg?itok=up-K1AST,True
2019,62nd Annual GRAMMY Awards  (2019),2020-05-19T05:10:28-07:00,2020-05-19T05:10:28-07:00,Best Country Album,Center Point Road,Thomas Rhett,,https://www.grammy.com/sites/com/files/styles/artist_circle/public/muzooka/Thomas%2BRhett/Thomas%2520Rhett_1_1_1578384552.jpg?itok=0wBZNW8J,True
2019,62nd Annual GRAMMY Awards  (2019),2020-05-19T05:10:28-07:00,2020-05-19T05:10:28-07:00,Best New Age Album,Wings,Peter Kater,,https://www.grammy.com/sites/com/files/styles/artist_circle/public/muzooka/Peter%2BKater/Peter%2520Kater_1_1_1581554053.jpg?itok=TFsf2wjd,True
2019,62nd Annual GRAMMY Awards  (2019),2020-05-19T05:10:28-07:00,2020-05-19T05:10:28-07:00,Best New Age Album,Fairy Dreams,David Arkenstone,,https://www.grammy.com/sites/com/files/styles/artist_circle/public/muzooka/David%2BArkenstone/David%2520Arkenstone_1_1_1578387095.jpg?itok=ycvZBXGu,True
2019,62nd Annual GRAMMY Awards  (2019),2020-05-19T05:10:28-07:00,2020-05-19T05:10:28-07:00,Best New Age Album,Homage To Kindness,David Darling,,,True
2019,62nd Annual GRAMMY Awards  (2019),2020-05-19T05:10:28-07:00,2020-05-19T05:10:28-07:00,Best New Age Album,Verve,Sebastian Plano,,https://www.grammy.com/sites/com/files/styles/artist_circle/public/muzooka/Sebastian%2BPlano/Sebastian%2520Plano_1_1_1581552743.jpg?itok=mwDr83hf,True
2019,62nd Annual GRAMMY Awards  (2019),2020-05-19T05:10:28-07:00,2020-05-19T05:10:28-07:00,Best New Age Album,Deva,Deva Premal,,https://www.grammy.com/sites/com/files/styles/artist_circle/public/muzooka/Deva%2BPremal/Deva%2520premal_1_1_1597174793_0.jpg?itok=szPeM6cz,True